{"working_dir":null,"default_chunk_options":{"echo":false},"chunk_definitions":[{"row":7,"row_count":1,"visible":true,"expansion_state":0,"options":{"engine":"r","label":"setup","include":false},"document_id":"21E4B375","chunk_id":"csetup_chunk","chunk_label":"setup"},{"row":143,"row_count":1,"visible":true,"expansion_state":0,"options":{"engine":"r","include":false,"label":"unnamed-chunk-1"},"document_id":"21E4B375","chunk_id":"cx0fz4j3ufawh","chunk_label":"unnamed-chunk-1"},{"row":167,"row_count":1,"visible":true,"expansion_state":0,"options":{"engine":"r","echo":false,"warning":false,"message":false,"label":"unnamed-chunk-2"},"document_id":"21E4B375","chunk_id":"c0yhwgou1xm26","chunk_label":"unnamed-chunk-2"},{"row":179,"row_count":1,"visible":true,"expansion_state":0,"options":{"engine":"r","echo":false,"warning":false,"message":false,"label":"unnamed-chunk-3"},"document_id":"21E4B375","chunk_id":"c4qjgnnnibemj","chunk_label":"unnamed-chunk-3"},{"row":199,"row_count":1,"visible":true,"expansion_state":0,"options":{"engine":"r","echo":false,"warning":false,"message":false,"label":"unnamed-chunk-4"},"document_id":"21E4B375","chunk_id":"ckstg9v2s65xg","chunk_label":"unnamed-chunk-4"},{"row":217,"row_count":1,"visible":true,"expansion_state":0,"options":{"engine":"r","echo":false,"warning":false,"message":false,"label":"unnamed-chunk-5"},"document_id":"21E4B375","chunk_id":"cvjo2gnimmp1p","chunk_label":"unnamed-chunk-5"},{"row":249,"row_count":1,"visible":true,"expansion_state":0,"options":{"engine":"r","echo":false,"warning":false,"message":false,"label":"unnamed-chunk-6"},"document_id":"21E4B375","chunk_id":"c2qzy8d4dfg67","chunk_label":"unnamed-chunk-6"},{"row":274,"row_count":1,"visible":true,"expansion_state":0,"options":{"engine":"r","echo":false,"warning":false,"message":false,"label":"unnamed-chunk-7"},"document_id":"21E4B375","chunk_id":"cl5ixl8h8h2so","chunk_label":"unnamed-chunk-7"},{"row":299,"row_count":1,"visible":true,"expansion_state":0,"options":{"engine":"r","echo":false,"warning":false,"message":false,"label":"unnamed-chunk-8"},"document_id":"21E4B375","chunk_id":"c1zj6ushi0d81","chunk_label":"unnamed-chunk-8"},{"row":330,"row_count":1,"visible":true,"expansion_state":0,"options":{"engine":"r","echo":false,"warning":false,"message":false,"label":"unnamed-chunk-9"},"document_id":"21E4B375","chunk_id":"c4ikn8f5xgs6z","chunk_label":"unnamed-chunk-9"},{"row":346,"row_count":1,"visible":true,"expansion_state":0,"options":{"engine":"r","echo":false,"warning":false,"message":false,"label":"unnamed-chunk-10"},"document_id":"21E4B375","chunk_id":"cjcnu51i5az6x","chunk_label":"unnamed-chunk-10"}],"doc_write_time":1651866539}